cell_line,n,pct_OVER,pct_UNDER,pct_Ghost,pct_under_or_ghost,median_m,median_nstar
NCI-H460,1137,59.2,40.6,0.2,40.8,1.71,3222
HOP62,1137,33.5,66.5,0.0,66.5,1.57,3806
A-172,1137,23.3,76.7,0.0,76.7,1.59,3698
LOX-IMVI,1137,23.1,76.7,0.2,76.9,1.53,3989
SW480,1137,23.0,75.4,1.6,77.0,0.99,9633
A549,1137,21.5,78.5,0.0,78.5,1.41,4722
C32,1137,20.8,79.2,0.0,79.2,1.53,3992
hTERT-HPNE,1137,20.5,79.5,0.0,79.5,1.78,2970
J82,1137,19.7,80.3,0.0,80.3,1.49,4237
HS-578T,1137,19.5,80.5,0.0,80.5,1.71,3216
A498,1137,17.4,82.6,0.0,82.6,1.27,5828
NCI-H1792,1136,16.5,83.5,0.0,83.5,1.5,4146
NCI-H2030,1137,15.4,84.5,0.1,84.6,1.43,4563
SHP-77,1137,14.3,85.1,0.5,85.7,1.23,6233
Hs 766T,1136,14.2,85.5,0.4,85.8,1.32,5407
LoVo,1137,14.1,85.8,0.2,85.9,1.09,7910
SNU-423,1137,13.9,86.1,0.0,86.1,1.58,3735
MIA PaCa-2,1136,12.9,86.9,0.3,87.1,1.25,6008
PANC-1,1136,12.6,86.6,0.8,87.4,1.02,8950
CFPAC-1,1137,12.2,87.6,0.2,87.8,1.23,6156
RPMI-7951,1137,10.3,89.7,0.0,89.7,1.47,4358
SK-MEL-2,1136,9.9,89.8,0.3,90.1,1.4,4804
RKO,1137,9.7,89.8,0.5,90.3,1.11,7577
SW 900,1137,9.0,91.0,0.0,91.0,1.34,5250
HEC-1-A,1137,9.0,89.6,1.4,91.0,1.06,8279
LS 180,1137,8.3,91.5,0.3,91.7,1.23,6177
HT-29,1137,7.7,91.8,0.5,92.3,1.15,7127
KATO III,1137,7.6,91.9,0.5,92.4,1.15,7057
NCI-H1573,1137,7.3,92.5,0.2,92.7,1.14,7162
AsPC-1,1137,5.8,93.8,0.4,94.2,1.03,8921
NCI-H2347,1136,4.8,94.7,0.5,95.2,0.97,10035
H4,1136,4.8,95.2,0.0,95.2,1.55,3880
Panc 03.27,1137,4.4,95.4,0.2,95.6,1.12,7512
COLO 205,1137,3.9,95.8,0.4,96.1,1.21,6399
HepG2/C3A,1137,3.5,96.3,0.2,96.5,1.17,6844
NCI-H23,1136,3.1,96.0,0.9,96.9,0.95,10363
C-33 A,1137,2.7,95.8,1.5,97.3,0.98,9810
A-427,1137,2.2,95.6,2.2,97.8,0.96,10194
SW1417,1137,2.0,97.4,0.6,98.0,0.87,12405
SW48,1137,1.7,98.2,0.2,98.3,1.05,8435
BT-474,1136,1.2,98.2,0.6,98.8,0.92,11175
CHP-212,1137,1.1,98.9,0.0,98.9,1.33,5332
SNU-1,1137,1.1,96.4,2.6,98.9,0.94,10667
HCT15,1137,0.7,97.8,1.5,99.3,0.89,11766
SW 1088,1136,0.2,99.8,0.0,99.8,2.16,2018
SW 1271,1134,0.1,99.8,0.1,99.9,1.16,6990
AN3 CA,1137,0.0,98.3,1.7,100.0,0.9,11644
NCI-H2122,1133,0.0,100.0,0.0,100.0,3.27,878
NCI-H596,1133,0.0,100.0,0.0,100.0,4.42,480
NCI-H661,1135,0.0,100.0,0.0,100.0,1.63,3508
