drug,median_m,median_nstar,n_conditions,OVER,UNDER,Ghost
Panobinostat,4.24,523,150,120,30,0
Homoharringtonine,5.88,271,150,100,50,0
Binimetinib,2.11,2109,150,93,57,0
Ouabain (Octahydrate),3.28,873,150,88,62,0
Trametinib,2.29,1789,150,86,64,0
Digitoxin,3.48,772,150,85,65,0
Harringtonine,3.67,697,150,78,72,0
Bortezomib,4.02,580,150,76,74,0
Idarubicin (hydrochloride),2.93,1091,150,70,80,0
Sapanisertib,2.36,1689,150,63,87,0
Ixazomib citrate,2.76,1232,150,60,90,0
Brivudine,2.46,1554,150,60,90,0
Trametinib (DMSO_TF solvate),2.25,1849,150,60,90,0
Ponatinib,1.87,2691,150,59,91,0
Belinostat,2.56,1434,150,58,92,0
PH-797804,3.11,969,150,58,92,0
Triamcinolone,2.19,1963,150,56,94,0
Budesonide,2.41,1611,150,56,94,0
Dexamethasone,2.08,2169,150,55,95,0
BAY1125976,2.5,1494,150,55,95,0
TAK-901,3.03,1021,150,53,97,0
RMC-6236,1.9,2600,150,53,97,0
Selinexor ,2.26,1842,150,51,99,0
Auranofin,2.36,1681,150,51,99,0
Abemaciclib,2.38,1656,150,49,101,0
Clobetasol propionate,2.15,2029,150,48,100,2
Bimiralisib,2.55,1441,150,48,102,0
Elimusertib hydrochloride,2.69,1299,150,48,102,0
Tucidinostat,2.02,2288,150,47,103,0
Dinaciclib,5.14,355,150,46,104,0
Fedratinib (hydrochloride hydrate),1.92,2555,150,46,104,0
Pentoxifylline,1.63,3547,150,45,105,0
Vinblastine (sulfate),2.05,2232,150,45,105,0
EX229,2.6,1390,150,44,106,0
Sonidegib,2.36,1687,150,44,106,0
Medroxyprogesterone acetate,2.04,2255,150,43,107,0
Tirabrutinib (hydrochloride),1.75,3070,150,42,108,0
Gemfibrozil,1.61,3620,150,42,108,0
GSK1059615,2.34,1720,150,42,108,0
Vandetanib,1.9,2600,150,41,109,0
Darolutamide,1.7,3252,150,41,109,0
Ipatasertib,2.01,2327,150,41,109,0
Tirabrutinib,1.85,2747,150,40,110,0
BI-3406,1.7,3243,150,39,111,0
Clopidogrel,1.41,4727,150,39,111,0
Futibatinib,1.66,3411,150,37,113,0
Malotilate,1.59,3698,150,37,113,0
Cyclosporin A,1.45,4435,150,36,114,0
Paclitaxel,1.52,4076,150,36,114,0
Lucanthone,1.58,3755,150,36,114,0
Neratinib (maleate),1.72,3168,150,35,115,0
Trimetrexate,1.79,2934,150,35,115,0
venetoclax,1.89,2634,150,34,116,0
Atazanavir (sulfate),1.65,3427,150,34,116,0
Glasdegib,1.77,2997,150,33,117,0
Econazole,1.46,4427,150,32,118,0
Encorafenib,2.13,2063,136,30,106,0
Entecavir (monohydrate),1.39,4844,150,30,120,0
S-Adenosyl-L-methionine (disulfate tosylate),1.58,3754,150,30,120,0
Vilanterol,1.48,4280,150,30,120,0
Idoxuridine,1.36,5076,150,29,121,0
Radotinib,1.5,4183,150,29,121,0
Tolcapone,1.38,4918,150,29,121,0
Allopurinol,1.11,7647,150,29,121,0
L-Eflornithine (monohydrochloride),1.24,6122,150,28,122,0
Phenylephrine (hydrochloride),1.55,3888,150,28,121,1
Citalopram (hydrobromide),0.87,12341,150,28,121,1
Piroxicam,1.12,7437,150,28,122,0
Resveratrol,1.55,3888,150,28,122,0
Dabrafenib,1.64,3500,150,27,123,0
Artesunate,1.11,7604,150,27,123,0
Aprepitant,1.21,6368,150,27,122,1
Allantoin,1.76,3041,150,27,123,0
Tofacitinib,1.53,3998,150,27,123,0
Gemcitabine,1.25,6005,150,26,124,0
Crizotinib (hydrochloride),1.39,4847,150,26,124,0
c-Kit-IN-1,2.06,2211,150,26,124,0
Ataluren,0.89,11916,150,25,124,1
Pioglitazone,1.29,5670,150,25,125,0
Tomivosertib,1.78,2973,150,25,125,0
Epirubicin (hydrochloride),1.45,4465,150,25,125,0
Sivelestat (sodium tetrahydrate),1.38,4932,150,25,125,0
9-ING-41,1.54,3941,150,24,126,0
Berbamine,1.22,6277,150,24,125,1
Posaconazole,1.33,5321,150,24,126,0
Retinoic acid,1.69,3296,150,24,126,0
Esmolol (hydrochloride),1.18,6733,150,23,127,0
Estrone sulfate (potassium),1.26,5951,150,23,127,0
Chlorhexidine (diacetate),1.14,7170,150,23,127,0
Sunitinib,2.07,2183,150,22,128,0
Canagliflozin (hemihydrate),1.15,7090,150,22,126,2
Daptomycin,1.73,3148,150,22,128,0
Ciclopirox,1.58,3765,150,22,128,0
Oxaprozin,1.59,3690,150,22,128,0
HI-TOPK-032,1.98,2393,150,22,128,0
Lenalidomide (hemihydrate),1.61,3604,150,22,128,0
Terfenadine,1.3,5562,150,21,129,0
Methylprednisolone succinate,1.79,2941,150,21,129,0
Artemether,1.18,6739,150,21,129,0
Lidocaine (hydrochloride),1.83,2800,150,21,129,0
Hydroxyfasudil,1.74,3086,150,21,129,0
Cytarabine,1.18,6740,150,21,125,4
DTP3,1.57,3801,150,21,129,0
Bexarotene,1.29,5624,150,21,129,0
olaparib,1.59,3716,150,21,129,0
Nafamostat (mesylate),1.3,5557,150,20,130,0
Everolimus,1.19,6610,150,20,130,0
Acetazolamide,1.3,5563,150,20,130,0
Gefitinib,1.07,8244,150,20,130,0
BI-78D3,1.42,4664,150,20,130,0
ML264,1.43,4575,150,19,131,0
Docetaxel,1.67,3366,150,19,131,0
Sulfisoxazole,1.3,5509,150,19,131,0
Norepinephrine (hydrochloride),1.46,4383,150,19,131,0
Tofacitinib (citrate),1.48,4260,150,19,131,0
Afatinib,0.68,20031,150,19,120,11
Capmatinib,1.79,2911,150,19,131,0
Brimonidine,1.0,9395,150,19,129,2
AZD-8055,1.52,4060,150,19,131,0
Larotrectinib sulfate,1.6,3654,150,19,131,0
Methylthiouracil,1.0,9396,150,18,130,2
Loperamide (hydrochloride),1.15,7129,150,18,132,0
Pasireotide (acetate),1.34,5234,150,18,132,0
Ritonavir,1.37,4994,150,18,132,0
Ropivacaine (hydrochloride monohydrate),1.56,3851,150,18,132,0
Indacaterol (maleate),1.14,7207,150,18,132,0
Pexidartinib (hydrochloride),1.49,4218,150,18,132,0
Bentamapimod,1.62,3573,150,17,133,0
Daidzin,1.17,6878,150,17,133,0
ERK5-IN-2,1.67,3345,150,17,133,0
Rutin (trihydrate),1.18,6749,150,17,130,3
ULK-101,1.93,2523,150,17,133,0
Hexylresorcinol,1.2,6540,150,17,133,0
OTS514,1.63,3541,150,17,133,0
NG25,1.37,4984,150,17,133,0
vincristine,2.35,1694,150,17,133,0
Diammonium Glycyrrhizinate,1.24,6118,150,16,134,0
Temsirolimus,1.38,4936,150,16,134,0
5-Azacytidine,1.56,3844,150,16,134,0
(R)-Verapamil (hydrochloride),1.37,5016,150,16,134,0
γ-Oryzanol,1.16,7026,150,16,133,1
Saquinavir,1.77,2987,150,16,134,0
Delamanid,1.27,5843,150,16,134,0
Vemurafenib,1.37,5003,150,16,134,0
Celecoxib,1.26,5953,150,15,135,0
Amsacrine,1.24,6117,150,15,135,0
L-Thyroxine (sodium salt pentahydrate),1.41,4713,150,15,134,1
Adagrasib,0.87,12491,150,15,111,24
Triclosan,1.28,5725,150,15,135,0
Azithromycin (hydrate),1.4,4790,150,15,135,0
Bergenin,1.34,5193,150,15,135,0
Pimitespib,1.49,4241,150,14,136,0
Palmatine (chloride),1.33,5275,150,14,136,0
Fluvoxamine (maleate),1.4,4762,150,14,136,0
Gallic acid (hydrate),1.4,4751,150,14,136,0
Tazarotene,1.33,5278,150,14,136,0
Betamethasone dipropionate,1.76,3036,150,14,136,0
Asciminib,1.42,4675,150,14,136,0
PF-06260933,1.9,2609,150,13,137,0
Tetracycline (hydrochloride),1.32,5391,150,13,137,0
Riluzole hydrochloride,1.16,6980,150,13,137,0
XRK3F2,2.0,2343,150,13,137,0
Ralimetinib dimesylate,1.71,3200,150,13,137,0
Mitoxantrone (dihydrochloride),1.44,4528,150,13,137,0
Ornidazole,1.38,4894,150,13,137,0
Busulfan,1.34,5213,150,12,138,0
Cabozantinib (S-malate),1.21,6411,150,12,137,1
Trifluridine,1.23,6170,150,12,138,0
Elagolix sodium,1.3,5529,150,11,139,0
18β-Glycyrrhetinic acid,1.55,3905,150,11,139,0
5-Fluorouracil,1.19,6642,150,11,139,0
Darinaparsin,1.23,6199,150,11,139,0
Cloxacillin (sodium),1.06,8276,150,11,139,0
Doxorubicin (hydrochloride),1.31,5441,150,11,139,0
Plicamycin,1.19,6618,150,11,139,0
Flutamide,1.16,7004,150,11,139,0
Torkinib,1.39,4829,150,11,139,0
Flumatinib (mesylate),0.9,11598,150,11,136,3
Fulvestrant,1.03,8837,150,11,138,1
Niclosamide (olamine),1.41,4724,150,11,139,0
Regorafenib,0.96,10143,150,10,139,1
Quinestrol,1.11,7573,150,10,140,0
Rapamycin,1.33,5288,150,10,140,0
Topotecan (hydrochloride),0.91,11337,150,10,140,0
Diphenhydramine,1.39,4871,150,10,140,0
Irinotecan (hydrochloride),1.0,9286,150,10,139,1
LJI308,1.97,2406,150,10,140,0
Berbamine (dihydrochloride),1.11,7629,150,9,140,1
Baicalin,1.17,6858,150,9,141,0
Filgotinib,1.05,8572,150,9,138,3
Mebendazole,1.32,5349,150,9,141,0
Decitabine,1.32,5344,150,9,141,0
Raltitrexed,1.09,7945,150,9,141,0
Edoxaban (tosylate monohydrate),1.31,5469,150,9,141,0
TAK-733,1.29,5644,150,9,141,0
Temuterkib,1.47,4325,150,9,141,0
Aspirin,0.92,11045,150,8,142,0
Almonertinib (mesylate),0.89,11962,150,8,142,0
Peretinoin,1.62,3557,150,8,142,0
Lonafarnib,1.33,5268,150,8,142,0
Almonertinib (hydrochloride),1.28,5720,150,8,142,0
Cobimetinib,1.8,2904,150,8,142,0
Dorzolamide (hydrochloride),1.21,6426,150,7,143,0
Sinomenine,1.25,6024,150,7,143,0
APTO-253,1.3,5531,150,7,143,0
Berberine (chloride hydrate),1.1,7761,150,7,143,0
Abiraterone acetate,1.19,6581,150,7,143,0
Sodium Salicylate,1.25,6019,150,7,143,0
Megestrol,1.52,4067,150,7,143,0
Belumosudil (mesylate),1.37,5010,150,7,143,0
Uridine,0.86,12576,150,7,143,0
Pyridoxine (hydrochloride),1.03,8866,150,7,143,0
Docetaxel (Trihydrate),1.44,4524,150,6,144,0
Erlotinib,1.19,6660,150,6,144,0
DT-061,1.37,5023,150,6,144,0
NVP-BHG712,1.34,5194,150,6,144,0
Neratinib,1.6,3656,150,6,144,0
Meloxicam,1.04,8660,150,6,143,1
Methyl aminolevulinate (hydrochloride),1.15,7068,150,6,144,0
Vitamin K4,1.03,8913,150,6,144,0
Lumateperone (tosylate),1.05,8579,150,6,144,0
Vortioxetine,1.25,5995,150,6,143,1
Perindopril (erbumine),0.86,12780,150,6,144,0
Talc,1.12,7438,150,6,144,0
Bimatoprost,1.32,5373,150,6,144,0
8-Hydroxyquinoline,1.02,8937,150,6,144,0
AZD-7648,1.88,2656,150,6,144,0
Benztropine (mesylate),1.1,7775,150,5,145,0
AZD1390,1.46,4420,150,5,145,0
Sacubitril/Valsartan,1.25,6033,150,5,145,0
Capivasertib,1.17,6872,150,5,145,0
Drospirenone,1.09,7913,150,5,144,1
Entrectinib,1.25,5990,150,5,145,0
Cytarabine (hydrochloride),1.12,7513,150,5,145,0
Ranolazine,1.28,5755,150,5,145,0
Imiquimod (hydrochloride),1.54,3968,150,5,145,0
Ivermectin,0.92,11093,150,5,140,5
Isocorydine,1.1,7734,150,5,145,0
Fenofibrate,0.94,10566,150,5,131,14
Gallic acid,0.95,10316,150,5,144,1
ETC-206,0.96,10190,150,5,145,0
Goserelin (acetate),1.05,8555,150,5,145,0
Lactate (calcium),1.17,6867,150,5,145,0
LY-2584702 (tosylate salt),2.18,1965,149,5,144,0
Osimertinib (mesylate),1.35,5114,150,5,144,1
Dihydroartemisinin,1.31,5487,150,5,145,0
Tubulin inhibitor 6,1.04,8595,150,5,145,0
MK-3903,1.63,3533,150,4,146,0
Nevirapine,1.02,8979,150,4,146,0
Tucatinib,1.07,8148,150,4,146,0
Apalutamide,1.17,6846,150,4,146,0
Carbamazepine,1.15,7034,150,4,146,0
Bosentan (hydrate),1.04,8674,150,4,146,0
4EGI-1,1.34,5250,150,4,146,0
Cilostazol,1.16,6911,150,4,146,0
Levobupivacaine (hydrochloride),1.23,6155,150,4,144,2
Lipoic acid,0.88,12198,150,4,146,0
Larotrectinib,1.42,4633,150,4,146,0
Irinotecan,1.34,5250,150,4,146,0
Pimozide,1.49,4197,150,4,146,0
Finasteride,1.07,8231,150,4,143,3
Fingolimod (hydrochloride),1.23,6210,150,4,145,1
Olanzapine,1.18,6723,150,4,146,0
Roxadustat,1.24,6053,150,4,146,0
Rimonabant (Hydrochloride),1.07,8155,150,4,146,0
Cysteamine (hydrochloride),1.25,5990,150,4,146,0
Pyridoxine,1.26,5863,150,4,146,0
palbociclib,1.41,4684,150,4,146,0
Sildenafil,1.16,6918,150,4,146,0
Bestatin (hydrochloride),1.16,6992,150,3,146,1
Aliskiren,1.07,8230,150,3,146,1
Quinidine (15% dihydroquinidine),1.16,6969,150,3,147,0
Proglumide,1.05,8434,150,3,146,1
Carbidopa (monohydrate),1.03,8831,150,3,147,0
Rucaparib (phosphate),1.14,7193,150,3,147,0
Fostamatinib (disodium hexahydrate),1.11,7616,150,3,147,0
Fumaric acid,0.85,12908,150,3,143,4
Fusidic acid,1.01,9246,150,3,147,0
Clotrimazole,1.22,6294,150,3,147,0
IQ 1,1.55,3884,150,3,147,0
Monocrotaline,0.97,9934,150,3,147,0
Tranilast,0.89,11743,150,3,147,0
Pentamidine (isethionate),1.05,8504,150,3,146,1
Salicylic acid,1.08,8024,150,3,147,0
Thymol,1.26,5879,150,3,147,0
Captopril,0.9,11596,150,3,147,0
Adenosine,1.07,8192,150,2,148,0
crizotinib,1.16,6989,150,2,147,1
Alpelisib,1.36,5083,150,2,148,0
Dexmedetomidine,0.94,10630,150,2,148,0
Erythromycin,1.15,7049,150,2,148,0
CP21R7,1.21,6449,150,2,148,0
Demeclocycline,1.04,8714,150,2,142,6
Zileuton,1.03,8782,150,2,148,0
Acetohexamide,1.15,7044,150,2,148,0
Cepharanthine,1.25,6020,150,2,148,0
Ribociclib,0.98,9744,150,2,148,0
Benproperine (phosphate),1.08,7992,150,2,148,0
Bicalutamide,0.97,9897,150,2,148,0
Belumosudil,0.85,13019,150,2,144,4
Clonidine (hydrochloride),0.87,12275,150,2,148,0
Infigratinib,1.31,5450,150,2,148,0
Orlistat,1.06,8377,150,2,148,0
Ligustrazine,0.97,10058,150,2,147,1
LB-100,1.04,8726,150,2,148,0
Lapatinib ditosylate,1.02,9060,150,2,148,0
Anethole trithione,1.0,9324,150,2,148,0
Tadalafil,1.05,8539,150,2,147,1
Volasertib,1.11,7652,150,2,148,0
Lopinavir,1.08,7989,150,2,146,2
Oxaliplatin,1.08,8028,150,2,148,0
Tolmetin,0.96,10127,150,1,149,0
Voriconazole,0.97,10065,150,1,149,0
Altretamine,1.04,8723,150,1,148,1
Verteporfin,1.34,5189,150,1,149,0
(S)-Crizotinib,0.99,9632,150,1,146,3
Hesperidin,1.0,9451,150,1,148,1
Thymopentin,0.97,9960,150,1,149,0
AT7519,1.03,8803,150,1,149,0
"Dapagliflozin ((2S)-1,2-propanediol, hydrate)",0.97,9930,150,1,149,0
Dapagliflozin,0.81,14295,150,1,148,1
Cinacalcet,0.85,12848,150,1,149,0
Clofarabine,1.09,7861,150,1,149,0
Pitavastatin (Calcium),1.41,4720,150,1,149,0
Pralsetinib,1.28,5766,150,1,149,0
Eplerenone,0.79,14966,150,1,144,5
Rosiglitazone,0.92,11118,150,1,147,2
Rimonabant,0.98,9789,150,1,149,0
Rifaximin,0.93,10852,150,1,148,1
Relugolix,0.89,11758,150,1,148,1
Dimethyl fumarate,1.05,8479,150,1,148,1
Hydroxyurea,0.88,11997,150,1,146,3
Mifepristone,0.89,11863,150,1,146,3
Macitentan,0.95,10354,150,1,141,8
Minodronic acid,1.06,8410,150,1,149,0
Verapamil,1.02,9082,150,1,147,2
Pentagastrin,1.01,9242,150,1,149,0
Ferulic acid,1.14,7209,150,1,149,0
Phenytoin (sodium),0.96,10089,150,1,147,2
Pemigatinib,1.43,4576,150,1,149,0
Omeprazole,0.86,12559,150,1,149,0
Ivabradine (hydrochloride),1.0,9413,150,1,149,0
Ixazomib,1.36,5072,150,1,149,0
LY2090314,1.13,7342,150,1,149,0
Fluvoxamine,1.09,7854,150,1,149,0
Omeprazole (sodium),0.96,10224,150,1,149,0
Anastrozole,0.99,9580,150,1,149,0
Belzutifan,1.75,3061,148,1,147,0
Sulfatinib,0.86,12696,150,1,146,3
Bestatin,1.02,9014,150,1,148,1
Canagliflozin,1.12,7507,150,1,149,0
Adenine,0.92,11177,150,0,150,0
Valdecoxib,0.92,11049,150,0,147,3
Balsalazide (sodium hydrate),0.99,9625,150,0,150,0
Arbutin,0.71,18631,150,0,142,8
Vismodegib,0.79,15072,150,0,147,3
Menadione,0.84,13270,150,0,147,3
MK-8353,1.04,8601,150,0,150,0
Methotrexate,0.98,9672,150,0,150,0
Naproxen,0.65,22203,150,0,124,26
Mozavaptan,0.91,11436,150,0,149,1
Nimesulide,0.96,10103,150,0,150,0
Imiquimod (maleate),0.86,12652,150,0,149,1
Furosemide,0.95,10379,150,0,150,0
Folic acid,0.83,13460,150,0,150,0
Penfluridol,1.15,7110,150,0,150,0
Pemetrexed,1.0,9286,150,0,150,0
Oleic acid,1.08,8022,150,0,150,0
Procainamide (hydrochloride),0.8,14741,150,0,147,3
Pravastatin (sodium),0.75,16651,150,0,147,3
Glycyrrhizic acid,1.07,8237,150,0,150,0
Erdafitinib ,1.38,4890,146,0,146,0
Doxycycline (monohydrate),0.99,9623,150,0,145,5
Bendamustine,0.81,14337,150,0,148,2
Bisoprolol (hemifumarate),1.03,8768,150,0,150,0
SBI-0640756,1.51,4095,148,0,148,0
Simotinib,0.78,15258,150,0,140,10
Silodosin,0.72,18260,150,0,133,17
AZD2858,1.38,4902,150,0,150,0
